Id,ImageUrl
556966,https://d2cqobm8wcb2vo.cloudfront.net/crops/yntykstrim/94998.jpg
556974,https://d2cqobm8wcb2vo.cloudfront.net/crops/yntykstrim/95006.jpg
556971,https://d2cqobm8wcb2vo.cloudfront.net/crops/yntykstrim/95003.jpg
556970,https://d2cqobm8wcb2vo.cloudfront.net/crops/yntykstrim/95002.jpg
556968,https://d2cqobm8wcb2vo.cloudfront.net/crops/yntykstrim/95000.jpg
556973,https://d2cqobm8wcb2vo.cloudfront.net/crops/yntykstrim/95005.jpg
556969,https://d2cqobm8wcb2vo.cloudfront.net/crops/yntykstrim/95001.jpg
556980,https://d2cqobm8wcb2vo.cloudfront.net/crops/yntykstrim/95012.jpg
556977,https://d2cqobm8wcb2vo.cloudfront.net/crops/yntykstrim/95009.jpg
556981,https://d2cqobm8wcb2vo.cloudfront.net/crops/yntykstrim/95013.jpg
556976,https://d2cqobm8wcb2vo.cloudfront.net/crops/yntykstrim/95008.jpg
556967,https://d2cqobm8wcb2vo.cloudfront.net/crops/yntykstrim/94999.jpg
556972,https://d2cqobm8wcb2vo.cloudfront.net/crops/yntykstrim/95004.jpg
556965,https://d2cqobm8wcb2vo.cloudfront.net/crops/yntykstrim/94997.jpg
556983,https://d2cqobm8wcb2vo.cloudfront.net/crops/yntykstrim/95015.jpg
556979,https://d2cqobm8wcb2vo.cloudfront.net/crops/yntykstrim/95011.jpg
556978,https://d2cqobm8wcb2vo.cloudfront.net/crops/yntykstrim/95010.jpg
556986,https://d2cqobm8wcb2vo.cloudfront.net/crops/yntykstrim/95018.jpg
556984,https://d2cqobm8wcb2vo.cloudfront.net/crops/yntykstrim/95016.jpg
556993,https://d2cqobm8wcb2vo.cloudfront.net/crops/yntykstrim/95025.jpg
